Country,Project Name,Project Link,Implementing Entity,Approved Amount (USD),Amount Transferred (USD),Approval Date,Status,Grant Category
Antigua and Barbuda,An integrated approach to physical adaptation and community resilience in Antigua and Barbuda's northwest McKinnon's watershed,https://www.adaptation-fund.org/project/integrated-approach-physical-adaptation-community-resilience-antigua-barbudas-northwest-mckinnons-watershed/,Department of Environment Ministry of Health and the Environment (ABED),9970000.0,9509250.0,2017-03-17,Project Under Implementation,Regular Size Project
Argentina,Enhancing the Adaptive Capacity and Increasing Resilience of Small-size Agriculture Producers of the Northeast of Argentina,https://www.adaptation-fund.org/project/enhancing-the-adaptive-capacity-and-increasing-resilience-of-small-scale-agriculture-producers-of-the-northeast-of-argentina/,Unidad Para Cambio Rural Argentina,5640000.0,5640000.0,2013-04-04,Project Completed,Regular Size Project
Argentina,Increasing Climate Resilience and Enhancing Sustainable Land Management in the Southwest of the Buenos Aires Province,https://www.adaptation-fund.org/project/increasing-climate-resilience-and-enhancing-sustainable-land-management-in-the-southwest-of-buenos-aires-province/,International Bank of Reconstruction and Development,4296817.0,4296817.0,2012-12-14,Project Completed,Regular Size Project
Armenia,Strengthening land based adaptation capacity in communities adjacent to protected areas in Armenia,https://www.adaptation-fund.org/project/strengthening-land-based-adaptation-capacity-communities-adjacent-protected-areas-armenia-3/,Environmental Project Implementation Unit,2506000.0,2506000.0,2019-03-15,Project Under Implementation,Regular Size Project
Armenia,Artik city closed stonepit wastes and flood management pilot project,https://www.adaptation-fund.org/project/artik-city-closed-stone-pit-waste-flood-management/,Environmental Project Implementation Unit,1435100.0,1435100.0,2018-10-12,Project Under Implementation,Regular Size Project
Bangladesh,Adaptation Initiative for Climate Vulnerable Offshore Small Islands and Riverine Charland in Bangladesh,https://www.adaptation-fund.org/project/adaptation-initiative-climate-vulnerable-offshore-small-islands-riverine-charland-bangladesh/,UN Development Programme,9995369.0,2588075.0,2019-03-15,Project Under Implementation,Regular Size Project
Belize,Belize Marine Conservation and Climate Adaptation Initiative,https://www.adaptation-fund.org/project/belize-marine-conservation-and-climate-adaptation-project/,International Bank of Reconstruction and Development,6000000.0,6000000.0,2014-08-18,Project Completed,Regular Size Project
Bhutan,Adaptation to Climate-Induced Water Stresses through Integrated Landscape Management in Bhutan,https://www.adaptation-fund.org/project/adaptation-to-climate-induced-water-stresses-through-integrated-landscape-management-in-bhutan/,Bhutan Trust Fund for Environmental Conservation,9998955.0,3605597.0,2022-10-14,Proposal Approved,Regular Size Project
Côte d'Ivoire,Strengthen the Resilience of Smallholder Farmers to the Effects of Climate Change through the Adoption of Proven Innovative Technologies and Practices,https://www.adaptation-fund.org/project/strengthen-the-resilience-of-smallholder-farmers-to-the-effects-of-climate-change-through-the-adoption-of-proven-innovative-technologies-and-practices-2/,The Interprofessional Fund for Agricultural Research,4000000.0,1412166.0,2023-03-24,Proposal Approved,Regular Size Project
Côte d'Ivoire,Increasing Rural Communities’ Adaptive Capacity and Resilience to Climate Change in Bandama Basin in Côte d’Ivoire,https://www.adaptation-fund.org/project/increasing-rural-communities-adaptive-capacity-and-resilience-to-climate-change-in-bandama-basin-in-co%cc%82te-divoire/,International Fund Agricultural Dev,6000000.0,2060470.0,2022-02-23,Project Under Implementation,Regular Size Project
Cambodia,Climate Change Adaptation through Protective Small-scale Infrastructure Interventions in Coastal Settlements of Cambodia,https://www.adaptation-fund.org/project/climate-change-adaptation-through-protective-small-scale-infrastructure-interventions-in-coastal-settlements-of-cambodia-2/,UN-Habitat,5000000.0,2913095.0,2021-01-26,Project Under Implementation,Regular Size Project
Cambodia,Enhancing Climate Resilience of Rural Communities Living in Protected Areas of Cambodia,https://www.adaptation-fund.org/project/enhancing-climate-resilience-of-rural-communities-living-in-protected-areas-of-cambodia/,UN Environment Programme,4954273.0,4954273.0,2012-06-29,Project Completed,Regular Size Project
Cameroon,Increasing Local Communities’ Resilience to Climate Change through Youth Entrepreneurship and Integrated Natural Resources Management,https://www.adaptation-fund.org/project/increasing-local-communities-resilience-to-climate-change-through-youth-entrepreneurship-and-integrated-natural-resources-management-2/,International Fund Agricultural Dev,9982000.0,1260000.0,2020-09-23,Project Under Implementation,Regular Size Project
Chile,Enhancing resilience to climate change of the small agriculture in the Chilean region of O'Higgins,https://www.adaptation-fund.org/project/enhancing-resilience-of-climate-change-of-the-small-agriculture-in-chilean-region-of-o-higgins/,Agencia de Cooperación Internacional de Chile,9960000.0,9960000.0,2015-10-09,Project Under Implementation,Regular Size Project
Colombia,Reducing Risk and Vulnerability to Climate Change in the Region of La Depresion Momposina in Colombia,https://www.adaptation-fund.org/project/reducing-risk-and-vulnerability-to-climate-change-in-the-region-of-la-depresion-momposina-in-colombia/,UN Development Programme,8518307.0,8518307.0,2012-06-29,Project Completed,Regular Size Project
Congo,Building adaptive capacity to climate change in vulnerable communities living in the Congo River Basin,https://www.adaptation-fund.org/project/building-adaptive-capacity-to-climate-change-in-vulnerable-communities-living-in-the-congo-river-basin/,UN World Food Programme,9999909.0,1996677.0,2019-10-11,Project Under Implementation,Regular Size Project
Cook Islands,“Akamatutu’anga kia Tukatau te Ora’anga ite Pa Enua” Pa Enua Action for Resilient Livelihoods (PEARL),https://www.adaptation-fund.org/project/akamatutuanga-kia-tukatau-te-oraanga-ite-pa-enua-pa-enua-action-resilient-livelihoods-pearl-2/,Ministry of Finance and Economic Management,2999125.0,2999125.0,2018-03-22,Project Under Implementation,Regular Size Project
Cook Islands,Akamatutu’anga i te iti tangata no te tuatau manakokore ia e te taui’anga reva - Strengthening the Resilience of our Islands and our Communities to Climate Change,https://www.adaptation-fund.org/project/strengthening-the-resilience-of-our-islands-and-our-communities-to-climate-change/,UN Development Programme,5381600.0,5381600.0,2011-12-14,Project Completed,Regular Size Project
Costa Rica,Increasing the Resilience of Vulnerable Populations in Costa Rica by Scaling up Adapta2+,https://www.adaptation-fund.org/project/increasing-the-resilience-of-vulnerable-populations-in-costa-rica-by-scaling-up-adapta2-3/,Fundecooperacion Para el Desarollo Sostenible,10000000.0,700000.0,2022-07-28,Proposal Approved,Regular Size Project
Costa Rica,"Reducing the Vulnerability by Focusing on Critical Sectors (Agriculture, Water Resources and Coastlines) in order to Reduce the Negative Impacts of Climate Change and Improve the Resilience of these Sectors.",https://www.adaptation-fund.org/project/reducing-the-vulnerability-by-focusing-on-critical-sectors-agriculture-water-resources-and-coastlines-in-order-to-reduce-the-negative-impacts-of-climate-change-and-improve-the-resilience-of-these/,Fundecooperacion Para el Desarollo Sostenible,9970000.0,9970000.0,2014-10-10,Project Under Implementation,Regular Size Project
Cuba,Reduction of Vulnerability to Coastal Flooding through Ecosystem-based Adaptation in the South of Artemisa and Mayabeque Provinces,https://www.adaptation-fund.org/project/reduction-of-vulnerability-to-coastal-flooding-through-ecosystem-based-adaptation-in-the-south-of-artemisa-and-mayabeque-provinces/,UN Development Programme,6067320.0,6067320.0,2012-12-14,Project Completed,Regular Size Project
Djibouti,Integrated Water and Soil Resources Management Project (Projet de gestion intégrée des ressources en eau et des sols PROGIRES),https://www.adaptation-fund.org/project/integrated-water-and-soil-resources-management-project-projet-de-gestion-integree-des-ressources-en-eau-et-des-sols-progires-2/,International Fund Agricultural Dev,5339285.0,1052450.0,2021-07-26,Project Under Implementation,Regular Size Project
Djibouti,Developing Agro-Pastoral Shade Gardens as an Adaptation Strategy for Poor Rural Communities,https://www.adaptation-fund.org/project/developing-agro-pastoral-shade-gardens-as-an-adaptation-strategy-for-poor-rural-communities-in-djibouti/,UN Development Programme,4658556.0,4658556.0,2012-06-28,Project Completed,Regular Size Project
Dominican Republic,"Enhancing Climate Resilience in San Cristóbal province, Dominican Republic Integrated Water Resources Management and Rural Development Programme",https://www.adaptation-fund.org/project/enhancing-climate-resilience-san-cristobal-province-dominican-republic-integrated-water-resources-management-rural-development-programme-2/,Dominican Institute of Integral Development of Dominican Republic,9953692.0,9953692.0,2019-03-15,Project Under Implementation,Regular Size Project
Ecuador,"Increasing adaptive capacity of local communities, ecosystems and hydroelectric systems in the Río Blanco upper watershed (Toachi-Pilatón watershed) with a focus on Ecosystem and Community Based Adaptation and Integrated Adaptive Watershed Management",https://www.adaptation-fund.org/project/increasing-adaptive-capacity-local-communities-ecosystems-hydroelectric-systems-rio-blanco-upper-watershed-toachi-pilaton-watershed/,Development Bank of Latin America,2489373.0,646368.0,2018-07-16,Proposal Approved,Regular Size Project
Ecuador,"Enhancing resilience of communities to the adverse effects of climate change on food security, in Pichincha Province and the Jubones River basin",https://www.adaptation-fund.org/project/enhancing-resilience-of-communities-to-the-adverse-effects-of-climate-change-on-food-security-in-pichincha-province-and-the-jubones-river-basin/,UN World Food Programme,7449468.0,7449468.0,2011-03-18,Project Completed,Regular Size Project
Egypt,Building Resilient Food Security Systems to Benefit the Southern Egypt Region- Phase 2,https://www.adaptation-fund.org/project/building-resilient-food-security-systems-to-benefit-the-southern-egypt-region-phase-2-2/,UN World Food Programme,3094962.0,1813304.0,2020-09-23,Project Under Implementation,Regular Size Project
Egypt,Building Resilient Food Security Systems to Benefit the Southern Egypt Region,https://www.adaptation-fund.org/project/building-resilient-food-security-systems-to-benefit-the-southern-egypt-region/,UN World Food Programme,6904318.0,6904318.0,2012-06-28,Project Completed,Regular Size Project
El Salvador,"Enhancing climate resilience of rural communities and ecosystems in Ahuachapán-Sur, El Salvador",https://www.adaptation-fund.org/project/enhancing-climate-resilience-of-rural-communities-and-ecosystems-in-ahuachapan-sur-el-salvador/,UN Development Programme,8484503.0,3556591.0,2019-10-11,Project Under Implementation,Regular Size Project
Eritrea,"Climate Change Adaptation Programme In Water and Agriculture In Anseba Region, Eritrea",https://www.adaptation-fund.org/project/climate-change-adaptation-programme-in-water-and-agriculture-in-anseba-region-eritrea/,UN Development Programme,6520850.0,6520850.0,2011-03-18,Project Completed,Regular Size Project
Ethiopia,Climate Smart Integrated Rural Development Project,https://www.adaptation-fund.org/project/climate-smart-integrated-rural-development-project/,Ministry of Finance and Economic Cooperation of the Federal Democratic Republic of Ethiopia,9987910.0,9987910.0,2017-03-17,Project Under Implementation,Regular Size Project
Fiji,Increasing the resilience of informal urban settlements in Fiji that are highly vulnerable to climate change and disaster risks,https://www.adaptation-fund.org/project/increasing-resilience-informal-urban-settlements-fiji-highly-vulnerable-climate-change-disaster-risks-2/,UN-Habitat,4235995.0,1797380.0,2017-10-10,Project Under Implementation,Regular Size Project
Gambia,Rural Integrated Climate Adaptation and Resilience Building Project (RICAR),https://www.adaptation-fund.org/project/rural-integrated-climate-adaptation-and-resilience-building-project-ricar-2/,UN World Food Programme,10000000.0,959736.0,2021-03-11,Project Under Implementation,Regular Size Project
Georgia,Dairy Modernization and Market Access: Adaptation Component (DiMMAdapt),https://www.adaptation-fund.org/project/dairy-modernization-and-market-access-adaptation-component-dimmadapt/,International Fund Agricultural Dev,4644794.0,2466655.0,2019-10-11,Project Under Implementation,Regular Size Project
Georgia,Developing Climate Resilient Flood and Flash Flood Management Practices to Protect Vulnerable Communities of Georgia,https://www.adaptation-fund.org/project/developing-climate-resilient-flood-and-flash-flood-management-practices-to-protect-vulnerable-communities-of-georgia/,UN Development Programme,5316500.0,5316500.0,2011-12-14,Project Completed,Regular Size Project
Ghana,Increased Resilience to Climate Change in Northern Ghana through the Management of Water Resources and Diversification of Livelihoods,https://www.adaptation-fund.org/project/increased-resilience-to-climate-change-in-northern-ghana-through-the-management-water-resources-and-diversification-of-livelihoods/,UN Development Programme,8293972.0,8293972.0,2015-03-05,Project Completed,Regular Size Project
Guatemala,Climate change resilient production landscapes and socioeconomic networks advanced in Guatemala,https://www.adaptation-fund.org/project/climate-change-resilient-productive-landscapes-and-socio-economic-networks-advanced-in-guatemala/,UN Development Programme,5425000.0,5425000.0,2013-09-12,Project Completed,Regular Size Project
Guinea-Bissau,Scaling up climate-smart agriculture in East Guinea Bissau,https://www.adaptation-fund.org/project/scaling-climate-smart-agriculture-east-guinea-bissau/,Banque Ouest Africaine de Developpement,9979000.0,7752000.0,2017-10-10,Project Under Implementation,Regular Size Project
Haiti,Implementing Measures for Climate Change Adaptation and Disaster Risk Reduction Mitigation of School Facilities in Haiti,https://www.adaptation-fund.org/project/implementing-measures-for-climate-change-adaptation-and-disaster-risk-reduction-mitigation-of-school-facilities-in-haiti/,"United Nations Educational, Scientific and Cultural Organization",9916344.0,1514200.0,2022-02-23,Project Under Implementation,Regular Size Project
Honduras,Ecosystem-Based Adaptation at Communities of the Central Forest Corridor in Tegucigalpa,https://www.adaptation-fund.org/project/ecosystem-based-adaptation-communities-central-forest-corridor-tegucigalpa/,UN Development Programme,4379700.0,3649300.0,2017-03-17,Project Under Implementation,Regular Size Project
Honduras,Addressing Climate Change Risks on Water Resources in Honduras: Increased Systemic Resilience and Reduced Vulnerability of the Urban Poor,https://www.adaptation-fund.org/project/addressing-climate-change-risks-on-water-resources-in-honduras-increased-systemic-resilience-and-reduced-vulnerability-of-the-urban-poor/,UN Development Programme,5620300.0,5620300.0,2010-09-17,Project Completed,Regular Size Project
India,"Building Adaptive Capacities of Communities, Livelihoods and Ecological Security in the Kanha-Pench Corridor of Madhya Pradesh",https://www.adaptation-fund.org/project/building-adaptive-capacities-communities-livelihoods-ecological-security-kanha-pench-corridor-madhya-pradesh/,National Bank for Agriculture and Rural Development,2556093.0,2556093.0,2016-10-07,Project Under Implementation,Regular Size Project
India,"Building Adaptive Capacities of Small Inland Fishermen Community for Climate Resilience and Livelihood Security, Madhya Pradesh, India",https://www.adaptation-fund.org/project/building-adaptive-capacities-of-small-inland-fishers-for-climate-resilience-and-livelihood-security-madhya-pradesh-2/,National Bank for Agriculture and Rural Development,1790500.0,895240.0,2015-04-10,Project Under Implementation,Regular Size Project
India,Climate smart actions and strategies in north western Himalayan region for sustainable livelihoods of agriculture-dependent hill communities,https://www.adaptation-fund.org/project/climate-smart-actions-and-strategies-in-north-western-himalayan-region-for-sustainable-livelihoods-of-agriculture-dependent-hill-communities/,National Bank for Agriculture and Rural Development,969570.0,969570.0,2015-10-09,Project Under Implementation,Small Size Project
India,Climate Proofing of Watershed Development Projects in the States of Tamil Nadu and Rajasthan,https://www.adaptation-fund.org/project/climate-proofing-of-watershed-development-projects-in-the-states-of-rajasthan-and-tamil-nadu/,National Bank for Agriculture and Rural Development,1344155.0,1344155.0,2015-10-09,Project Under Implementation,Regular Size Project
India,Enhancing Adaptive Capacity and Increasing Resilience of Small and Marginal Farmers in Purulia and Bankura Districts of West Bengal,https://www.adaptation-fund.org/project/enhancing-adaptive-capacity-and-increasing-resilience-of-small-and-marginal-farmers-in-purulia-and-bankura-districts-of-west-bengal/,National Bank for Agriculture and Rural Development,2510854.0,2510854.0,2014-10-10,Project Under Implementation,Regular Size Project
India,Conservation and Management of Coastal Resources as a Potential Adaptation Strategy for Sea Level Rise,https://www.adaptation-fund.org/project/conservation-and-management-of-coastal-resources-as-a-potential-adaptation-strategy-for-sea-level-rise/,National Bank for Agriculture and Rural Development,689264.0,689264.0,2014-10-10,Project Under Implementation,Small Size Project
Indonesia,EMBRACING THE SUN: Redefining Public Space as a Solution for the Effects of Global Climate Change in Indonesia's Urban Areas,https://www.adaptation-fund.org/project/embracing-the-sun-redefining-public-space-as-a-solution-for-the-effects-of-global-climate-change-in-indonesias-urban-areas-4/,Partnership for Governance Reform (Kemitraan) of Indonesia,824835.0,549890.0,2021-10-21,Project Under Implementation,Small Size Project
Indonesia,"Safekeeping-Surviving-Sustaining towards Resilience: 3S Approach to Build Coastal City Resilience to Climate Change Impacts and Natural Disasters in Pekalongan City, Central Java Province",https://www.adaptation-fund.org/project/safekeeping-surviving-sustaining-towards-resilience-3s-approach-to-build-coastal-city-resilience-to-climate-change-impacts-and-natural-disasters-in-pekalongan-city-central-java-province-2/,Partnership for Governance Reform (Kemitraan) of Indonesia,5972670.0,2518797.0,2020-09-23,Project Under Implementation,Regular Size Project
Indonesia,"Adapting to Climate Change through Sustainable Integrated Watershed Governance in Indigenous People of Ammatoa Kajang Customary Area in Bulukumba Regency, South Sulawesi Province, Indonesia",https://www.adaptation-fund.org/project/adapting-to-climate-change-through-sustainable-integrated-watershed-governance-in-indigenous-people-of-ammatoa-kajang-customary-area-in-bulukumba-regency-south-sulawesi-province-indonesia-2/,Partnership for Governance Reform (Kemitraan) of Indonesia,1125015.0,1125015.0,2020-09-23,Project Under Implementation,Small Size Project
Indonesia,"Enhancing the adaptation capability of coastal community in facing the impacts of climate change in Negeri (village), Asilulu, Ureng and Lima of Leihitu District Maluku Tengah Regency Maluku Province",https://www.adaptation-fund.org/project/enhancing-the-adaptation-capability-of-coastal-community-in-facing-the-impacts-of-climate-change-in-negeri-village-asilulu-ureng-and-lima-of-leihitu-district-maluku-tengah-regency-maluku-province-2/,Partnership for Governance Reform (Kemitraan) of Indonesia,963456.0,320794.0,2021-10-21,Project Under Implementation,Small Size Project
Indonesia,Community Adaptation for Forest-Food Based Management in Saddang Watershed Ecosystem,https://www.adaptation-fund.org/project/community-adaptation-forest-food-based-management-saddang-watershed-ecosystem-4/,Partnership for Governance Reform (Kemitraan) of Indonesia,835465.0,835465.0,2019-07-08,Project Under Implementation,Small Size Project
Iraq,Building Resilience of the Agriculture Sector to Climate Change in Iraq,https://www.adaptation-fund.org/project/building-resilience-agriculture-sector-climate-change-iraq-brac-2/,International Fund Agricultural Dev,9999660.0,1300800.0,2018-03-22,Project Under Implementation,Regular Size Project
Jamaica,Enhancing the Resilience of the Agricultural Sector and Coastal Areas to Protect Livelihoods and Improve Food Security,https://www.adaptation-fund.org/project/enhancing-the-resilience-of-the-agricultural-sector-and-coastal-areas-to-protect-livelihoods-and-improve-food-security/,Planning Institute of Jamaica,9965000.0,8748735.0,2012-06-28,Project Under Implementation,Regular Size Project
Jordan,Increasing the resilience of poor and vulnerable communities to climate change,https://www.adaptation-fund.org/project/increasing-the-resilience-of-poor-and-vulnerable-communities-to-climate-change-impacts-in-jordan-through-implementing-innovative-projects-in-water-and-agriculture-in-support-of-adaptation-to-climate-4/,Ministry of Planning and International Cooperation,9226000.0,9226000.0,2015-04-10,Project Under Implementation,Regular Size Project
Kenya,Integrated Programme To Build Resilience To Climate Change & Adaptive Capacity Of Vulnerable Communities In Kenya,https://www.adaptation-fund.org/project/integrated-programme-to-build-resilience-to-climate-change-adaptive-capacity-of-vulnerable-communities-in-kenya/,National Environment Management Authority,9998302.0,9998302.0,2014-10-10,Project Under Implementation,Regular Size Project
Kyrgyzstan,Regional Resilient Pastoral Communities Project -ADAPT,https://www.adaptation-fund.org/project/resilient-pastoral-livelihoods-project-adapt/,International Fund Agricultural Dev,9999313.0,803662.0,2022-04-08,Proposal Approved,Regular Size Project
Lao People's Democratic Republic,Building climate and disaster resilience capacities of vulnerable small towns in Lao PDR,https://www.adaptation-fund.org/project/building-climate-disaster-resilience-capacities-vulnerable-small-towns-lao-pdr-3/,UN-Habitat,5500000.0,5153876.0,2019-07-08,Project Under Implementation,Regular Size Project
Lao People's Democratic Republic,Enhancing the climate and disaster resilience of the most vulnerable rural and emerging urban human settlements in Lao PDR,https://www.adaptation-fund.org/project/enhancing-climate-disaster-resilience-vulnerable-rural-emerging-urban-human-settlements-lao-pdr/,UN-Habitat,4500000.0,4500000.0,2016-10-07,Project Under Implementation,Regular Size Project
Lebanon,Climate Smart Agriculture: Enhancing Adaptive Capacity of the Rural Communities in Lebanon (AgriCAL),https://www.adaptation-fund.org/project/climate-smart-agriculture-enhancing-adaptive-capacity-of-the-rural-communities-in-lebanon-agrical/,International Fund Agricultural Dev,7860825.0,6863315.0,2012-06-28,Project Under Implementation,Regular Size Project
Lesotho,Improving adaptive capacity of vulnerable and food-insecure populations in Lesotho,https://www.adaptation-fund.org/project/improving-adaptive-capacity-vulnerable-food-insecure-populations-lesotho-2/,UN World Food Programme,9999894.0,8792620.0,2019-07-08,Project Under Implementation,Regular Size Project
Liberia,Building Climate Resilience in Liberia's Cocoa and Rice Sectors,https://www.adaptation-fund.org/project/building-climate-resilience-in-liberias-cocoa-and-rice-sectors-2/,International Fund Agricultural Dev,9592082.0,1792592.0,2020-09-23,Project Under Implementation,Regular Size Project
Madagascar,Promoting climate resilience in the rice sector through pilot investments in Alaotra-Mangoro region,https://www.adaptation-fund.org/project/madagascar-promoting-climate-resilience-in-the-rice-sector/,UN Environment Programme,5104925.0,5104925.0,2011-12-14,Project Completed,Regular Size Project
Malawi,Adapting to Climate Change Through Integrated Risk Management Strategies and Enhanced Market Opportunities for Resilient Food Security and Livelihoods,https://www.adaptation-fund.org/project/adapting-to-climate-change-through-integrated-risk-management-strategies-and-enhanced-market-opportunities-for-resilient-food-security-and-livelihoods/,UN World Food Programme,9989335.0,7183963.0,2019-10-11,Project Under Implementation,Regular Size Project
Malaysia,Nature-based Climate Adaptation Programme for the Urban Areas of Penang Island,https://www.adaptation-fund.org/project/nature-based-climate-adaptation-programme-for-the-urban-areas-of-penang-island-2/,UN-Habitat,10000000.0,1500000.0,2022-02-23,Project Under Implementation,Regular Size Project
Maldives,"Increasing climate resilience through an Integrated Water Resource Management Programme in HA. Ihavandhoo, ADh. Mahibadhoo and GDh. Gadhdhoo Island",https://www.adaptation-fund.org/project/increasing-climate-resilience-through-an-integrated-water-resource-management-programme-in-ha-ihavandhoo-adh-mahibadhoo-and-gdh-gadhdhoo-island/,UN Development Programme,8989225.0,8989225.0,2011-06-22,Project Completed,Regular Size Project
Mali,Programme Support for Climate Change Adaptation in the vulnerable regions of Mopti and Timbouctou,https://www.adaptation-fund.org/project/programme-support-for-climate-change-adaptation-in-the-vulnerable-regions-of-mopti-and-timbuktu-2/,UN Development Programme,8533348.0,8533348.0,2015-03-25,Project Completed,Regular Size Project
Mauritania,Enhancing Resilience of Communities to the Adverse Effects of Climate Change on Food Security in Mauritania,https://www.adaptation-fund.org/project/enhancing-resilience-of-communities-to-the-adverse-effects-of-climate-change-on-food-security-in-mauritania/,UN World Food Programme,7803605.0,7803605.0,2012-06-28,Project Completed,Regular Size Project
Mauritius,Climate Change Adaptation Programme in the Coastal Zone of Mauritius,https://www.adaptation-fund.org/project/climate-change-adaptation-programme-in-the-coastal-zone-of-mauritius/,UN Development Programme,9119240.0,9119240.0,2011-09-16,Project Completed,Regular Size Project
"Micronesia, Federated States of",Practical Solutions for Reducing Community Vulnerability to Climate Change in the Federated States of Micronesia,https://www.adaptation-fund.org/project/practical-solutions-reducing-community-vulnerability-climate-change-federated-states-micronesia-2/,Micronesia Conservation Trust,970000.0,970000.0,2018-03-22,Project Under Implementation,Regular Size Project
"Micronesia, Federated States of",Enhancing the Climate Resilience of vulnerable island communities in Federated States of Micronesia,https://www.adaptation-fund.org/project/enhancing-climate-change-resilience-vulnerable-island-communities-federated-states-micronesia/,Secretariat of the Pacific Regional Environment Programme,9000000.0,5903581.0,2017-03-17,Project Under Implementation,Regular Size Project
"Moldova, Republic of",Talent Retention for Rural Transformation – Adapt (TART-Adapt),https://www.adaptation-fund.org/project/talent-retention-for-rural-transformation-adapt-tart-adapt/,International Fund Agricultural Dev,6008095.0,2324377.0,2019-10-11,Project Under Implementation,Regular Size Project
Mongolia,Ger Community Resilience Project (GCRP),https://www.adaptation-fund.org/project/ger-community-resilience-project-gcrp/,UN-Habitat,7965882.0,1674376.0,2023-03-24,Project Under Implementation,Regular Size Project
Mongolia,Flood Resilience in Ulaanbaatar Ger Areas - Climate Change Adaptation through community-driven small-scale protective and basic-services interventions,https://www.adaptation-fund.org/project/flood-resilience-ulaanbaatar-ger-areas-fruga-climate-change-adaptation-community-driven-small-scale-protective-basic-services-interventions-2/,UN-Habitat,4495235.0,4495235.0,2018-07-16,Project Under Implementation,Regular Size Project
Mongolia,Ecosystem Based Adaptation Approach to Maintaining Water Security in Critical Water Catchments in Mongolia,https://www.adaptation-fund.org/project/ecosystem-based-adaptation-approach-to-maintaining-water-security-in-critical-water-catchments-in-mongolia/,UN Development Programme,5500000.0,5500000.0,2011-06-22,Project Completed,Regular Size Project
Montenegro,Adaptation to Climate Change and Resilience in the Montenegrin Mountain Areas-Gora,https://www.adaptation-fund.org/project/adaptation-to-climate-change-and-resilience-in-the-montenegrin-mountain-areas-gora/,International Fund Agricultural Dev,10000000.0,1942373.0,2023-07-05,Proposal Approved,Regular Size Project
Morocco,Climate changes adaptation project in oasis zones – PACC-ZO,https://www.adaptation-fund.org/project/climate-changes-adaptation-project-in-oasis-zones-pacc-zo-2/,Agence pour le Developpement Agricole,9970000.0,9970000.0,2015-04-08,Project Under Implementation,Regular Size Project
Myanmar,Addressing Climate Change Risks on Water Resources and Food Security in the Dry Zone of Myanmar,https://www.adaptation-fund.org/project/addressing-climate-change-risks-on-water-and-food-security-in-the-dry-zone-of-myanmar/,UN Development Programme,7909026.0,7909026.0,2014-02-27,Project Completed,Regular Size Project
Namibia,Pilot rural desalination plants using renewable power and membrane technology,https://www.adaptation-fund.org/project/pilot-rural-desalination-plants-using-renewable/,Desert Research Foundation of Namibia,4999674.0,4999674.0,2017-10-13,Project Under Implementation,Small Size Project
Nauru,Resilient Coastal Fisheries and Aquaculture in Nauru,https://www.adaptation-fund.org/project/resilient-coastal-fisheries-and-aquaculture-in-nauru/,The Pacific Community,7999493.0,837939.0,2023-03-24,Proposal Approved,Regular Size Project
Nepal,Adapting to climate induced threats to food production and food security in the Karnali Region of Nepal,https://www.adaptation-fund.org/project/adapting-to-climate-induced-threats-to-food-production-and-food-security-in-the-karnali-region-of-nepal-3/,UN World Food Programme,9527160.0,9527160.0,2015-04-01,Project Under Implementation,Regular Size Project
Nicaragua,Reduction of Risks and Vulnerability Based on Flooding and Droughts in the Estero Real Watershed,https://www.adaptation-fund.org/project/reduction-of-risks-and-vulnerability-based-on-flooding-and-droughts-in-the-estero-real-river-watershed/,UN Development Programme,5500950.0,5500950.0,2010-12-15,Project Completed,Regular Size Project
Niger,"Enhancing Resilience of Agriculture to Climate Change to Support Food Security in Niger, through Modern Irrigation Techniques",https://www.adaptation-fund.org/project/enhancing-resilience-of-agriculture-to-climate-change-to-support-food-security-in-niger-through-modern-irrigation-techniques-2/,Banque Ouest Africaine de Developpement,9911000.0,5779000.0,2016-07-05,Project Under Implementation,Regular Size Project
Pakistan,"Enhance community, local and national-level urban climate change resilience to water scarcity, caused by floods and droughts in Rawalpindi and Nowshera, Pakistan",https://www.adaptation-fund.org/project/enhance-community-local-and-national-level-urban-climate-change-resilience-to-water-scarcity-caused-by-floods-and-droughts-in-rawalpindi-and-nowshera-pakistan-2/,UN-Habitat,6094000.0,2868775.0,2020-06-01,Project Under Implementation,Regular Size Project
Pakistan,Reducing Risks and Vulnerabilities from Glacier Lake Outburst Floods in Northern Pakistan,https://www.adaptation-fund.org/project/reducing-risks-and-vulnerabilities-from-glacier-lake-outburst-floods-in-northern-pakistan/,UN Development Programme,3906000.0,3906000.0,2010-12-15,Project Completed,Regular Size Project
Panama,Adapting to climate change through integrated water management in Panama,https://www.adaptation-fund.org/project/adapting-climate-change-integrated-water-management-panama/,Fundacion Natura,9967559.0,9967559.0,2016-10-05,Project Under Implementation,Regular Size Project
Papua New Guinea,Adaptation of Small-Scale Agriculture for Improved Food Security of Resilient Communities in Papua New Guinea (ASSA),https://www.adaptation-fund.org/project/adaptation-of-small-scale-agriculture-for-improved-food-security-of-resilient-communities-in-papua-new-guinea-assa/,The Pacific Community,10000000.0,1095452.0,2023-03-24,Proposal Approved,Regular Size Project
Papua New Guinea,Enhancing adaptive capacity of communities to climate change-related floods in the North Coast and Islands Region of Papua New Guinea,https://www.adaptation-fund.org/project/enhancing-adaptive-capacity-of-communities-to-climate-change-related-floods-in-the-north-coast-and-islands-region-of-papua-new-guinea/,UN Development Programme,6530373.0,6530373.0,2012-03-16,Project Completed,Regular Size Project
Paraguay,Ecosystem Based Approaches for Reducing the Vulnerability of Food Security to the Impacts of Climate Change in the Chaco region of Paraguay,https://www.adaptation-fund.org/project/ecosystem-based-approaches-reducing-vulnerability-food-security-impacts-climate-change-chaco-region-paraguay/,UN Environment Programme,7128450.0,2479357.0,2017-03-17,Project Under Implementation,Regular Size Project
Peru,"AYNINACUY: Strengthening the livelihoods of vulnerable highland communities in the provinces of Arequipa, Caylloma, Condesuyos, Castilla and La Union in the Region of Arequipa, Peru",https://www.adaptation-fund.org/project/ayninacuy-strategies-adaptation-climate-change-preservation-livestock-capital-livelihoods-highland-rural-communities-provinces-arequipa-caylloma-condesuyos-cast/,Development Bank of Latin America,2941446.0,2941446.0,2017-03-17,Project Under Implementation,Regular Size Project
Peru,Adaptation to the Impacts of Climate Change on Peru's Coastal Marine Ecosystem and Fisheries,https://www.adaptation-fund.org/project/adaptation-to-the-impacts-of-climate-change-on-perus-coastal-marine-ecosystem-and-fisheries-2/,Peruvian Trust Fund for National Parks and Protected Areas,6950239.0,6950239.0,2016-03-18,Project Under Implementation,Regular Size Project
Regional,"Use of Nature-based Solutions to Increase Resilience to Extreme Climate Events in the Atlantic Region of Central America (Belize, Guatemala, Honduras)",https://www.adaptation-fund.org/project/use-of-nature-based-solutions-to-increase-resilience-to-extreme-climate-events-in-the-atlantic-region-of-central-america-belize-guatemala-honduras/,Central American Bank for Economic Integration,13248121.0,1213000.0,2022-07-28,Proposal Approved,Regular Size Project
Regional,Improved Resilience of Coastal Communities in Côte d’Ivoire and Ghana,https://www.adaptation-fund.org/project/improved-resilience-of-coastal-communities-in-cote-divoire-and-ghana-2/,UN-Habitat,13991159.0,0.0,2023-08-28,Proposal Approved,Regular Size Project
Regional,"Strengthening Resilience of Vulnerable Communities in Sri Lanka and India to Increased Impacts of Climate Change (India, Sri Lanka)",https://www.adaptation-fund.org/project/strengthening-resilience-of-vulnerable-communities-in-sri-lanka-and-india-to-increased-impacts-of-climate-change-sri-lanka-india/,UN World Food Programme,13995524.0,2138450.0,2023-03-13,Proposal Approved,Regular Size Project
Regional,Strengthening Resilience to Climate and Covid-19 shocks through Integrated Water Management on the Sudan – Chad Border area (SCCIWM),https://www.adaptation-fund.org/project/strengthening-resilience-to-climate-and-covid-19-shocks-through-integrated-water-management-on-the-sudan-chad-border-area-scciwm/,Food and Agriculture Organization of the United Nations,14000000.0,0.0,2022-04-08,Proposal Approved,Regular Size Project
Regional,"Strengthening the Adaptive Capacities of Climate-Vulnerable Communities in the Goascorán Watershed of El Salvador and Honduras through Integrated Community-Based Adaptation Practices and Services (El Salvador, Honduras)",https://www.adaptation-fund.org/project/strengthening-the-adaptive-capacities-of-climate-vulnerable-communities-in-the-goascoran-watershed-of-el-salvador-and-honduras-through-integrated-community-based-adaptation-practices-and-services/,UN World Food Programme,12048300.0,2046280.0,2022-10-14,Proposal Approved,Regular Size Project
Regional,"Scaling-up climate-resilient rice production in West Africa (Benin, Burkina Faso, Côte d’Ivoire, Gambia (Republic of the), Ghana, Guinea, Liberia, Mali, Niger, Nigeria, Senegal, Sierra Leone and Togo)",https://www.adaptation-fund.org/project/scaling-up-climate-resilient-rice-production-in-west-africa-benin-burkina-faso-co%cc%82te-divoire-the-gambia-ghana-guinea-liberia-mali-niger-nigeria-senegal-sierra-leone-and-togo/,Sahara and Sahel Observatory,14000000.0,3569250.0,2021-10-21,Project Under Implementation,Regular Size Project
Regional,"West and Central Africa Small Island Developing States ADAPT - Building resilience of agricultural systems to climate change (Cabo Verde, Guinea Bissau, Sao Tome and Principe)",https://www.adaptation-fund.org/project/west-and-central-africa-small-island-developing-states-adapt-building-resilience-of-agricultural-systems-to-climate-change-cabo-verde-guinea-bissau-sao-tome-and-principe/,International Fund Agricultural Dev,14000000.0,0.0,2023-03-24,Proposal Approved,Regular Size Project
Regional,Increasing the resilience of both displaced persons and host communities to climate change-related water challenges in Jordan and Lebanon,https://www.adaptation-fund.org/project/increasing-the-resilience-of-both-displaced-persons-and-host-communities-to-climate-change-related-water-challenges-in-jordan-and-lebanon/,UN-Habitat,13973509.0,9334317.0,2021-03-11,Project Under Implementation,Regular Size Project
Regional,"Mekong EbA South: Enhancing Climate Resilience in the Greater Mekong Sub-region through Ecosystem-based Adaptation in the Context of South-South Cooperation (Thailand, Viet Nam)",https://www.adaptation-fund.org/project/mekong-eba-south-enhancing-climate-resilience-in-the-greater-mekong-sub-region-through-ecosystem-based-adaptation-in-the-context-of-south-south-cooperation-thailand-viet-nam/,UN Environment Programme,7000000.0,834690.0,2021-03-11,Proposal Approved,Regular Size Project
Regional,"Reducing vulnerabilities of populations in the Central Asia region from glacier lake outburst floods in a changing climate (Kazakhstan, Kyrgyzstan, Tajikistan, Uzbekistan)",https://www.adaptation-fund.org/project/reducing-vulnerabilities-of-populations-in-the-central-asia-region-from-glacier-lake-outburst-floods-in-a-changing-climate/,"United Nations Educational, Scientific and Cultural Organization",6500000.0,2957902.0,2020-10-15,Project Under Implementation,Regular Size Project
Regional,"Strengthening Drought Resilience for Small Holder Farmers and Pastoralists in the IGAD Region (Djibouti, Kenya, Sudan, Uganda)",https://www.adaptation-fund.org/project/djibouti-kenya-sudan-and-uganda-strengthening-drought-resilience-for-small-holder-farmers-and-pastoralists-in-the-igad-region/,Sahara and Sahel Observatory,13079540.0,10200000.0,2019-10-11,Project Under Implementation,Regular Size Project
Regional,"Resilience building as climate change adaptation in drought-struck South-western African communities (Angola, Namibia)",https://www.adaptation-fund.org/project/angola-and-namibia-resilience-building-as-climate-change-adaptation-in-drought-struck-south-western-african-communities/,Sahara and Sahel Observatory,11941038.0,4868000.0,2021-07-26,Project Under Implementation,Regular Size Project
Regional,"Enhancing Adaptive Capacity of Andean Communities through Climate Services (ENANDES) (Chile, Colombia, Peru)",https://www.adaptation-fund.org/project/chile-colombia-peru-enhancing-adaptive-capacity-andean-communities-climate-services-enandes/,World Meteorological Organization,7432250.0,4459200.0,2019-07-08,Project Under Implementation,Regular Size Project
Regional,"Building urban climate resilience in south-eastern Africa (Madagascar, Malawi, Mozambique, Union of Comoros)",https://www.adaptation-fund.org/project/building-urban-climate-resilience-south-eastern-africa-madagascar-malawi-mozambique-union-comoros-2/,UN-Habitat,13997423.0,10702973.0,2019-07-15,Project Under Implementation,Regular Size Project
Regional,"Integrated climate-resilient transboundary flood risk management in the Drin River basin in the Western Balkans (Albania, the Former Yugoslav Republic of Macedonia, Montenegro)",https://www.adaptation-fund.org/project/integrated-climate-resilient-transboundary-flood-risk-management-drin-river-basin-western-balkans-albania-former-yugoslav-republic-macedonia-montenegro/,UN Development Programme,9927750.0,9011537.0,2019-03-15,Project Under Implementation,Regular Size Project
Regional,"Integration of climate change adaptation measures in the concerted management of the WAP transboundary complex: ADAPT-WAP (Benin, Burkina Faso, Niger)",https://www.adaptation-fund.org/project/integration-climate-change-adaptation-measures-concerted-management-wap-transboundary-complex-adapt-wap-benin-burkina-faso-niger/,Sahara and Sahel Observatory,11536200.0,5048450.0,2019-07-15,Project Under Implementation,Regular Size Project
Regional,"Climate Change adaptation in vulnerable coastal cities and ecosystems of the Uruguay River (Argentina, Uruguay)",https://www.adaptation-fund.org/project/climate-change-adaptation-vulnerable-coastal-cities-ecosystems-uruguay-river-argentina-uruguay-2/,Development Bank of Latin America,13999996.0,7699998.0,2019-07-15,Project Under Implementation,Regular Size Project
Regional,"Integrating Flood and Drought Management and Early Warning for Climate Change Adaptation in the Volta Basin (Benin, Burkina Faso, Côte d’Ivoire, Ghana, Mali, Togo)",https://www.adaptation-fund.org/project/integrating-flood-drought-management-early-warning-climate-change-adaptation-volta-basin-benin-burkina-faso-cote-divoire-ghana-mali-togo/,World Meteorological Organization,7920000.0,7920000.0,2018-10-12,Project Under Implementation,Regular Size Project
Regional,"Restoring marine ecosystem services by rehabilitating coral reefs to meet a changing climate future (Mauritius, Seychelles)",https://www.adaptation-fund.org/project/restoring-marine-ecosystem-services-restoring-coral-reefs-meet-changing-climate-future-mauritius-seychelles/,UN Development Programme,10000000.0,5080435.0,2018-10-12,Project Under Implementation,Regular Size Project
Regional,"Promoting Climate-Smart Agriculture in West Africa (Benin, Burkina Faso, Ghana, Niger, Togo)",https://www.adaptation-fund.org/project/promoting-climate-smart-agriculture-west-africa-benin-burkina-faso-ghana-niger-togo/,Banque Ouest Africaine de Developpement,14000000.0,12282000.0,2018-07-16,Project Under Implementation,Regular Size Project
Regional,"Reducing climate vulnerability and flood risk in coastal urban and semi urban areas in cities in Latin America (Chile, Ecuador)",https://www.adaptation-fund.org/project/chile-ecuador-reducing-climate-vulnerability-flood-risk-coastal-urban-semi-urban-areas-cities-latin-america/,Development Bank of Latin America,13910400.0,12364523.0,2018-07-16,Project Under Implementation,Regular Size Project
Regional,"Groundwater resources in the Greater Mekong Subregion: Collaborative management to increase resilience (Cambodia, Lao People’s Democratic Republic, Thailand, Viet Nam)",https://www.adaptation-fund.org/project/groundwater-resources-greater-mekong-subregion-collaborative-management-increase-resilience-cambodia-lao-peoples-democratic-republic-myanmar-thailand-vietnam-2/,"United Nations Educational, Scientific and Cultural Organization",4898775.0,535000.0,2022-07-28,Proposal Approved,Regular Size Project
Regional,"Adapting to Climate Change in Lake Victoria Basin (Burundi, Kenya, Rwanda, Tanzania, Uganda)",https://www.adaptation-fund.org/project/adapting-climate-change-lake-victoria-basin-burundi-kenya-rwanda-tanzania-uganda/,UN Environment Programme,5000000.0,5000000.0,2017-07-05,Project Under Implementation,Regular Size Project
Regional,"Building adaptive capacity through food and nutrition security and peacebuilding actions in vulnerable Afro and indigenous communities in the Colombia-Ecuador border area (Colombia, Ecuador)",https://www.adaptation-fund.org/project/building-adaptive-capacity-climate-change-food-security-nutrition-actions-vulnerable-afro-indigenous-communities-colombia-ecuador-border-area-colombia-ecuador-2/,UN World Food Programme,14000000.0,11644031.0,2017-07-05,Project Under Implementation,Regular Size Project
Regional,"Agricultural Climate Resilience Enhancement Initiative (ACREI) (Ethiopia, Kenya, Uganda)",https://www.adaptation-fund.org/project/agricultural-climate-resilience-enhancement-initiative-acrei-ethiopia-kenya-uganda/,World Meteorological Organization,6800000.0,6800000.0,2017-03-17,Project Under Implementation,Regular Size Project
Rwanda,Reducing Vulnerability to Climate Change in North West Rwanda through Community Based Adaptation,https://www.adaptation-fund.org/project/reducing-vulnerability-to-climate-change-in-north-west-rwanda-through-community-based-adaptation/,"Ministry of Environment, Rwanda",9969619.0,9969619.0,2013-11-01,Project Completed,Regular Size Project
Saint Lucia,Building resilience for adaptation to climate change and climate vulnernabilities in agriculture in Saint Lucia,https://www.adaptation-fund.org/project/building-resilience-adaptation-climate-change-climate-vulnernabilities-agriculture-saint-lucia/,Caribbean Development Bank,9858570.0,4271552.0,2019-07-08,Project Under Implementation,Regular Size Project
Samoa,Enhancing Resilience of Samoa's Coastal Communities to Climate Change,https://www.adaptation-fund.org/project/enhancing-resilience-of-samoas-coastal-communities-to-climate-change/,UN Development Programme,8732351.0,8732351.0,2011-12-14,Project Completed,Regular Size Project
Senegal,Reducing vulnerability and increasing resilience of coastal communities in the Saloum Islands (Dionewar and Fadial),https://www.adaptation-fund.org/project/reducing-vulnerability-increasing-resilience-coastal-communities-saloum-islands-dionewar/,Centre de Suivi Ecologique,1351000.0,1351000.0,2017-07-05,Project Under Implementation,Regular Size Project
Senegal,Adaptation to Coastal Erosion in Vulnerable Areas,https://www.adaptation-fund.org/project/adaptation-to-coastal-erosion-in-vulnerable-areas/,Centre de Suivi Ecologique,8619000.0,8619000.0,2010-09-17,Project Completed,Regular Size Project
Seychelles,Ecosystem Based Adaptation to Climate Change in Seychelles,https://www.adaptation-fund.org/project/ecosystem-based-adaptation-to-climate-change-in-seychelles/,UN Development Programme,6455750.0,6455750.0,2012-12-20,Project Completed,Regular Size Project
Sierra Leone,Promoting Climate Resilience in the Cocoa and Rice Sectors as an Adaptation Strategy in Sierra Leone,https://www.adaptation-fund.org/project/promoting-climate-resilience-coco-rice-sector-sierra-leone/,International Fund Agricultural Dev,9916925.0,2940567.0,2019-07-08,Project Under Implementation,Regular Size Project
Solomon Islands,Enhancing urban resilience to climate change impacts and natural disasters: Honiara,https://www.adaptation-fund.org/project/enhancing-urban-resilience-climate-change-impacts-natural-disasters-honiara-3/,UN-Habitat,4395877.0,2202550.0,2017-10-10,Project Under Implementation,Regular Size Project
Solomon Islands,Enhancing resilience of communities in Solomon Islands to the adverse effects of climate change in agriculture and food security,https://www.adaptation-fund.org/project/enhancing-resilience-of-communities-in-solomon-islands-to-the-adverse-effects-of-climate-change-in-agriculture-and-food-security/,UN Development Programme,5533500.0,5533500.0,2011-03-18,Project Completed,Regular Size Project
South Africa,Taking adaptation to the ground: A small Grants Facility for enabling local-level responses to climate change,https://www.adaptation-fund.org/project/taking-adaptation-to-the-ground-a-small-grants-facility-for-enabling-local-level-responses-to-climate-change/,South Africa National Biodiversity Institution,2442682.0,2442682.0,2014-10-10,Project Completed,Regular Size Project
South Africa,"Building Resilience in the greater uMngeni Catchment, South Africa",https://www.adaptation-fund.org/project/building-resilience-in-the-greater-umngeni-catchment/,South Africa National Biodiversity Institution,7495055.0,7495055.0,2014-10-10,Project Under Implementation,Regular Size Project
Sri Lanka,Build Resilience to Climate Change and Climate Variability of Vulnerable Communities in Mullaitivu District of Sri Lanka,https://www.adaptation-fund.org/project/build-resilience-to-climate-change-and-climate-variability-of-vulnerable-communities-in-mullaitivu-district-of-sri-lanka/,UN-Habitat,2000000.0,1032591.0,2023-03-13,Proposal Approved,Regular Size Project
Sri Lanka,Addressing Climate Change Impacts on Marginalized Agricultural Communities Living in the Mahaweli River Basin of Sri Lanka,https://www.adaptation-fund.org/project/addressing-climate-change-impacts-on-marginalized-agricultural-communities-living-in-the-mahaweli-river-basin-of-sri-lanka/,UN World Food Programme,7989727.0,7989727.0,2012-12-14,Project Completed,Regular Size Project
Syrian Arab Republic,Increasing the climate change resilience of communities in Eastern Ghouta in Rural Damascus to water scarcity challenges through integrated natural resource management and immediate adaptation interventions,https://www.adaptation-fund.org/project/climate-change-resilient-communities-through-integrated-natural-resource-management-in-eastern-ghouta-in-rural-damascus-syria/,UN-Habitat,9997156.0,9997156.0,2021-04-08,Project Under Implementation,Regular Size Project
Tajikistan,An integrated landscape approach to enhancing the climate resilience of small-scale farmers and pastoralists in Tajikistan,https://www.adaptation-fund.org/project/integrated-landscape-approach-enhancing-climate-resilience-small-scale-farmers-pastoralists-tajikistan-2/,UN Development Programme,9996441.0,8136171.0,2019-07-08,Project Under Implementation,Regular Size Project
"Tanzania, United Republic of",Strategic Water Harvesting Technologies for Enhancing Resilience to Climate Change in Rural Communities in Semi-Arid Areas of Tanzania (SWAHAT),https://www.adaptation-fund.org/project/strategic-water-harvesting-technologies-for-enhancing-resilience-to-climate-change-in-rural-communities-in-semi-arid-areas-of-tanzania-swahat-2/,National Environment Management Council,1280000.0,815728.0,2020-09-23,Project Under Implementation,Regular Size Project
"Tanzania, United Republic of",Bunda Climate Resilience and Adaptation Project,https://www.adaptation-fund.org/project/bunda-climate-resilience-and-adaptation-project-2/,National Environment Management Council,1400000.0,786269.0,2021-04-08,Project Under Implementation,Regular Size Project
"Tanzania, United Republic of",Enhancing Climate Change Resilience of Coastal Communities of Zanzibar,https://www.adaptation-fund.org/project/enhancing-climate-change-resilience-of-coastal-communities-of-zanzibar-2/,National Environment Management Council,1000000.0,243023.0,2020-06-01,Project Under Implementation,Regular Size Project
"Tanzania, United Republic of",Enhancing Climate Change Adaptation for Agro-Pastoral Communities in Kongwa District,https://www.adaptation-fund.org/project/enhancing-climate-change-adaptation-for-agro-pastoral-communities-in-kongwa-district/,National Environment Management Council,1200000.0,848030.0,2020-06-01,Project Under Implementation,Regular Size Project
"Tanzania, United Republic of",Implementation Of Concrete Adaptation Measures To Reduce Vulnerability Of Livelihood and Economy Of Coastal Communities In Tanzania,https://www.adaptation-fund.org/project/implementation-of-concrete-adaptation-measures-to-reduce-vulnerability-of-livelihood-and-economy-of-coastal-communities-in-tanzania/,UN Environment Programme,5008564.0,5008564.0,2011-12-14,Project Completed,Regular Size Project
Trinidad and Tobago,Multisectoral Adaptation Measures to Climate Change in the South Oropouche River Basin for Flood Relief,https://www.adaptation-fund.org/project/multisectoral-adaptation-measures-to-climate-change-in-the-south-oropouche-river-basin-for-flood-relief/,Development Bank of Latin America,10000000.0,1951402.0,2022-04-08,Proposal Approved,Regular Size Project
Tunisia,"Economic, Social and Solidarity Insertion for Resilience in the Governorate of Kairouan (IESS Adapt)",https://www.adaptation-fund.org/project/economic-social-and-solidarity-insertion-for-resilience-in-the-governorate-of-kairouan-iess-adapt-2/,International Fund Agricultural Dev,9997190.0,2278477.0,2020-06-01,Project Under Implementation,Regular Size Project
Turkmenistan,Addressing climate change risks to farming systems in Turkmenistan at national and community level,https://www.adaptation-fund.org/project/addressing-climate-change-risks-to-farming-systems-in-turkmenistan-at-national-and-community-level/,UN Development Programme,2929500.0,2929500.0,2011-06-22,Project Completed,Regular Size Project
Uganda,"Enhancing Community Adaptation to Climate Change through Climate Resilient Flood Early Warning, Catchment Management and Wash Technologies in Mpologoma Catchment, Uganda",https://www.adaptation-fund.org/project/enhancing-community-adaptation-to-climate-change-through-climate-resilient-flood-early-warning-catchment-management-and-wash-technologies-in-mpologoma-catchment-uganda-2/,Ministry of Water and Environment of Uganda,9504600.0,0.0,2022-10-14,Proposal Approved,Regular Size Project
Uganda,Enhancing resilience of communities to climate change through catchment-based integrated management of water and related resources in Uganda,https://www.adaptation-fund.org/project/enhancing-resilience-of-communities-to-climate-change-through-catchment-based-integrated-management-of-water-and-related-resources-in-uganda/,Sahara and Sahel Observatory,7751000.0,7751000.0,2016-07-05,Project Under Implementation,Regular Size Project
Uruguay,Building resilience to climate change and variability in vulnerable smallholders,https://www.adaptation-fund.org/project/uruguay-helping-small-farmers-adapt-to-climate-change/,Agencia Nacl Investigacion Innov UY,9967678.0,9967678.0,2011-12-14,Project Completed,Regular Size Project
Uzbekistan,Developing climate resilience of farming communities in the drought prone parts of Uzbekistan,https://www.adaptation-fund.org/project/developing-climate-resilience-of-farming-communities-in-the-drought-prone-parts-of-uzbekistan/,UN Development Programme,5415103.0,5415103.0,2014-02-10,Project Completed,Regular Size Project
Viet Nam,Enhancing the resilience inclusive and sustainable eco-human settlement development through small scale infrastructure interventions in the coastal regions of the Mekong Delta in Viet Nam,https://www.adaptation-fund.org/project/enhancing-the-resilience-inclusive-and-sustainable-eco-human-settlement-development-through-small-scale-infrastructure-interventions-in-the-coastal-regions-of-the-mekong-delta-in-viet-nam-2/,UN-Habitat,6345292.0,2294429.0,2020-06-01,Project Under Implementation,Regular Size Project
Zimbabwe,Strengthening Local Communities’ Adaptive Capacity and Resilience to Climate Change through Sustainable Groundwater Utilisation in Zimbabwe,https://www.adaptation-fund.org/project/strengthening-local-communities-adaptive-capacity-and-resilience-to-climate-change-through-sustainable-groundwater-exploitation-in-zimbabwe-2/,"United Nations Educational, Scientific and Cultural Organization",5000000.0,409792.0,2021-04-08,Proposal Approved,Regular Size Project
